{
  "feature_weights": {
    "hour": 0.2,
    "day_of_week": 0.2,
    "is_weekend": 0.2,
    "estimated_time": 0.0,
    "confidence": 0.16000000000000003,
    "priority": 0.037000000000000005,
    "command_complexity": 0.037000000000000005,
    "has_dependencies": 0.0,
    "output_type": 0.179,
    "current_workflow": 0.12100000000000001,
    "recent_activity": 0.043000000000000003
  },
  "confidence_adjustments": {
    "test_command": 0.0
  },
  "temporal_patterns": {
    "test_command": [
      50,
      50,
      50,
      50,
      50,
      50,
      50,
      50,
      50,
      50,
      50,
      50,
      50,
      50,
      50,
      60,
      50,
      50,
      50,
      50,
      50,
      50,
      50,
      50
    ]
  },
  "success_predictors": {
    "test_command_success": 0.5950000000000001
  },
  "model_accuracy": 0.5,
  "training_samples": 2,
  "last_trained": "2025-06-28 15:11:40.097155"
}
