{
  "SPY": {
    "current_price": 620.4500122070312,
    "ytd_return": 0.06759065241847605,
    "volatility": 0.2556120759647308,
    "confidence": 0.95
  },
  "QQQ": {
    "current_price": 550.7999877929688,
    "ytd_return": 0.08233716186284949,
    "volatility": 0.30186239781481644,
    "confidence": 0.95
  },
  "VTI": {
    "current_price": 305.510009765625,
    "ytd_return": 0.06309094297606362,
    "volatility": 0.25317419412039643,
    "confidence": 0.95
  },
  "^VIX": {
    "current_price": 16.639999389648438,
    "ytd_return": -0.0719465082861691,
    "volatility": 1.6135326393502158,
    "confidence": 0.95
  },
  "economic_context": {
    "fed_funds_rate": 0.0525,
    "rate_environment": "restrictive",
    "confidence": 0.8
  }
}
