{
  "portfolio": "live_signals",
  "synthesis_metadata": {
    "execution_timestamp": "2025-08-08T13:40:30.592451",
    "confidence_score": 0.935,
    "reports_ready": true
  },
  "key_metrics": {
    "portfolio_overview": {
      "total_trades": 38,
      "closed_trades": 38,
      "active_trades": 0,
      "unique_tickers": 35
    },
    "performance_summary": {
      "win_rate": 0.6285714285714286,
      "total_wins": 22,
      "total_losses": 13,
      "total_pnl": 851.5300000000002,
      "profit_factor": 6.2827718841119164,
      "expectancy": 0.07924736842105264
    },
    "statistical_analysis": {
      "return_distribution": {
        "mean_return": 0.07924736842105264,
        "median_return": 0.02315,
        "std_deviation": 0.14941870923202122,
        "skewness": 1.1489888700523456,
        "kurtosis": 1.3056696583782532,
        "sample_size": 38,
        "confidence": 0.95
      },
      "statistical_significance": {
        "return_vs_zero": {
          "t_statistic": 3.26942716948921,
          "p_value": 0.0023335256185005246,
          "significant_at_95": true,
          "confidence_interval_95": [
            0.03013466081646201,
            0.12836007602564325
          ]
        },
        "normality_test_p_value": 0.00559920596463661
      },
      "risk_adjusted_metrics": {
        "sharpe_ratio": 0.5298399628038108,
        "sortino_ratio": 1.6397775068868876,
        "downside_deviation": 0.048328122619210406,
        "confidence": 0.9
      }
    },
    "signal_effectiveness": {
      "entry_signal_analysis": {
        "win_rate_by_strategy": {
          "EMA": {
            "win_rate": 0.7142857142857143,
            "total_trades": 7,
            "winners": 5,
            "losers": 2,
            "breakevens": 0,
            "average_return_winners": 0.2265,
            "average_return_losers": -0.0225,
            "sample_size_adequacy": false,
            "confidence": 0.7333333333333334,
            "analysis_possible": true
          },
          "SMA": {
            "win_rate": 0.6071428571428571,
            "total_trades": 31,
            "winners": 17,
            "losers": 11,
            "breakevens": 3,
            "average_return_winners": 0.148,
            "average_return_losers": -0.05382727272727273,
            "sample_size_adequacy": true,
            "confidence": 0.95,
            "analysis_possible": true
          }
        },
        "total_strategies_analyzed": 2,
        "strategies_excluded": 0
      },
      "exit_signal_analysis": {
        "exit_efficiency_metrics": {
          "status": "PENDING_MFE_MAE_DATA"
        }
      }
    },
    "confidence_assessment": {
      "overall_confidence": 0.935,
      "sample_size_adequate": true,
      "statistical_significance": true
    }
  },
  "report_data_structures": {
    "executive_dashboard": {
      "key_metrics": {
        "win_rate": 0.6285714285714286,
        "total_wins": 22,
        "total_losses": 13,
        "total_pnl": 851.5300000000002,
        "profit_factor": 6.2827718841119164,
        "expectancy": 0.07924736842105264
      },
      "portfolio_health_score": {
        "score": 97.37244285714286,
        "interpretation": "Excellent"
      },
      "critical_issues": [],
      "trend_indicators": {
        "win_rate_trend": "↗️",
        "pnl_trend": "↗️",
        "overall_trend": "↗️"
      }
    },
    "historical_analysis": {
      "closed_trades_summary": {
        "count": 38,
        "top_winners": [
          {
            "ticker": "NFLX",
            "strategy": "EMA",
            "pnl": 342.61,
            "return_pct": 36.730000000000004,
            "duration_days": 86.0,
            "quality": "Excellent",
            "x_link": "https://x.com/colemorton7/status/1914511681620943333",
            "entry_date": "2025-04-14",
            "exit_date": "2025-07-09"
          },
          {
            "ticker": "INTU",
            "strategy": "SMA",
            "pnl": 154.34,
            "return_pct": 25.130000000000003,
            "duration_days": 71.0,
            "quality": "Excellent",
            "x_link": "https://x.com/colemorton7/status/1917434673879474514",
            "entry_date": "2025-04-30",
            "exit_date": "2025-07-10"
          },
          {
            "ticker": "CRWD",
            "strategy": "EMA",
            "pnl": 101.05,
            "return_pct": 26.11,
            "duration_days": 91.0,
            "quality": "Excellent",
            "x_link": "https://x.com/colemorton7/status/1911689528345346367",
            "entry_date": "2025-04-14",
            "exit_date": "2025-07-14"
          },
          {
            "ticker": "NVDA",
            "strategy": "SMA",
            "pnl": 62.11,
            "return_pct": 55.65,
            "duration_days": 91.0,
            "quality": "Excellent",
            "x_link": "https://x.com/colemorton7/status/1918170575111110741",
            "entry_date": "2025-05-02",
            "exit_date": "2025-08-01"
          },
          {
            "ticker": "PWR",
            "strategy": "SMA",
            "pnl": 60.57,
            "return_pct": 17.53,
            "duration_days": 58.0,
            "quality": "Excellent",
            "x_link": "https://x.com/colemorton7/status/1929782910124740818",
            "entry_date": "2025-06-03",
            "exit_date": "2025-07-31"
          }
        ],
        "top_losers": [
          {
            "ticker": "PGR",
            "strategy": "SMA",
            "pnl": -36.24,
            "return_pct": -12.590000000000002,
            "duration_days": 36.0,
            "quality": "Poor",
            "x_link": "https://x.com/colemorton7/status/1929783818560721253",
            "entry_date": "2025-06-03",
            "exit_date": "2025-07-09"
          },
          {
            "ticker": "UHS",
            "strategy": "SMA",
            "pnl": -27.76,
            "return_pct": -15.02,
            "duration_days": 19.0,
            "quality": "Poor",
            "x_link": "https://x.com/colemorton7/status/1907280424705065119",
            "entry_date": "2025-04-02",
            "exit_date": "2025-04-21"
          },
          {
            "ticker": "TSLA",
            "strategy": "SMA",
            "pnl": -23.74,
            "return_pct": -8.95,
            "duration_days": 13.0,
            "quality": "Poor",
            "x_link": "https://x.com/colemorton7/status/1907670604746314095",
            "entry_date": "2025-04-03",
            "exit_date": "2025-04-16"
          },
          {
            "ticker": "COST",
            "strategy": "EMA",
            "pnl": -16.71,
            "return_pct": -1.69,
            "duration_days": 75.0,
            "quality": "Poor",
            "x_link": "https://x.com/colemorton7/status/1917431122784575695",
            "entry_date": "2025-04-30",
            "exit_date": "2025-07-14"
          },
          {
            "ticker": "LMT",
            "strategy": "EMA",
            "pnl": -13.4,
            "return_pct": -2.81,
            "duration_days": 55.0,
            "quality": "Poor",
            "x_link": "https://x.com/colemorton7/status/1925060337075945798",
            "entry_date": "2025-05-21",
            "exit_date": "2025-06-11"
          }
        ],
        "strategy_breakdown": {
          "EMA": {
            "total_trades": 7,
            "win_rate": 0.7142857142857143,
            "total_pnl": 475.1900000000001,
            "avg_return": 15.535714285714286
          },
          "SMA": {
            "total_trades": 31,
            "win_rate": 0.5483870967741935,
            "total_pnl": 376.34,
            "avg_return": 6.2061290322580644
          }
        },
        "monthly_performance": {
          "note": "Monthly analysis requires date parsing implementation"
        }
      },
      "statistical_summary": {
        "return_distribution": {
          "mean_return": 0.07924736842105264,
          "median_return": 0.02315,