{
  "portfolio": "live_signals",
  "analysis_metadata": {
    "execution_timestamp": "2025-08-07T01:33:06.265558+00:00",
    "protocol_version": "DASV_Phase_2_Comprehensive",
    "closed_trades_analyzed": 38,
    "sma_trades": 31,
    "ema_trades": 7,
    "confidence_threshold": 0.7,
    "overall_confidence": 0.8035714285714286,
    "data_source": "/Users/colemorton/Projects/sensylate/data/raw/trade_history/live_signals.csv"
  },
  "signal_effectiveness": {
    "overall_metrics": {
      "win_rate": 0.6285714285714286,
      "total_return": 3.0114,
      "sharpe_ratio": 0.5298399628038108,
      "profit_factor": 6.2827718841119164,
      "confidence": 0.95
    },
    "sma_strategy": {
      "trade_count": 31,
      "win_rate": 0.6071428571428571,
      "total_return": 1.9239000000000002,
      "avg_return": 0.06206129032258064,
      "confidence": 0.9
    },
    "ema_strategy": {
      "trade_count": 7,
      "win_rate": 0.7142857142857143,
      "total_return": 1.0875,
      "avg_return": 0.15535714285714283,
      "confidence": 0.45
    }
  },
  "statistical_performance": {
    "return_distribution": {
      "overall": {
        "mean": 0.07924736842105264,
        "median": 0.02315,
        "std_dev": 0.14941870923202122,
        "skewness": 1.1489888700523456,
        "kurtosis": 1.3056696583782532,
        "confidence": 0.95
      },
      "sma": {
        "mean": 0.06206129032258064,
        "std_dev": 0.1476323963485417,
        "confidence": 0.95
      },
      "ema": {
        "mean": 0.15535714285714283,
        "std_dev": 0.14288419386742138,
        "confidence": 0.475
      }
    },
    "risk_metrics": {
      "overall": {
        "max_drawdown": 0.32819999999999994,
        "max_drawdown_duration": 14,
        "current_drawdown": 0.0,
        "recovery_factor": 9.175502742230346,
        "confidence": 0.95
      },
      "sma": {
        "max_drawdown": 0.3000999999999999,
        "max_drawdown_duration": 13,
        "current_drawdown": 0.0,
        "recovery_factor": 6.410863045651451,
        "confidence": 0.95
      },
      "ema": {
        "max_drawdown": 0.016900000000000026,
        "max_drawdown_duration": 1,
        "current_drawdown": 0.0,
        "recovery_factor": 64.34911242603542,
        "confidence": 0.475
      }
    }
  },
  "pattern_recognition": {
    "temporal_analysis": {
      "monthly_performance": {
        "2025-07": {
          "trades": 16,
          "wins": 9,
          "losses": 4,
          "total_return": 1.5689999999999997,
          "total_pnl": 708.1200000000001,
          "win_rate": 0.6923076923076923
        },
        "2025-05": {
          "trades": 4,
          "wins": 3,
          "losses": 1,
          "total_return": 0.06620000000000001,
          "total_pnl": 17.45,
          "win_rate": 0.75
        },
        "2025-08": {
          "trades": 5,
          "wins": 5,
          "losses": 0,
          "total_return": 1.4336,
          "total_pnl": 149.4,
          "win_rate": 1.0
        },
        "2025-06": {
          "trades": 10,
          "wins": 5,
          "losses": 5,
          "total_return": 0.20500000000000002,
          "total_pnl": 40.370000000000005,
          "win_rate": 0.5
        },
        "2025-04": {
          "trades": 3,
          "wins": 0,
          "losses": 3,
          "total_return": -0.2624,
          "total_pnl": -63.81,
          "win_rate": 0.0
        }
      },
      "quarterly_performance": {
        "2025-Q3": {
          "trades": 21,
          "wins": 14,
          "losses": 4,
          "total_return": 3.0025999999999993,
          "total_pnl": 857.5200000000001,
          "win_rate": 0.7777777777777778
        },
        "2025-Q2": {
          "trades": 17,
          "wins": 8,
          "losses": 9,
          "total_return": 0.008800000000000013,
          "total_pnl": -5.989999999999995,
          "win_rate": 0.47058823529411764
        }
      },
      "confidence": 0.95
    },
    "consecutive_performance": {
      "overall": {
        "max_consecutive_wins": 6,
        "max_consecutive_losses": 4,
        "current_streak_type": "win",
        "current_streak_length": 6,
        "confidence": 0.95
      },
      "sma": {
        "max_consecutive_wins": 6,
        "max_consecutive_losses": 3,
        "current_streak_type": "win",
        "current_streak_length": 6,
        "confidence": 0.95
      },
      "ema": {
        "max_consecutive_wins": 3,
        "max_consecutive_losses": 1,
        "current_streak_type": "win",
        "current_streak_length": 3,
        "confidence": 0.475
      }
    }
  },
  "risk_assessment": {
    "position_correlations": {
      "avg_correlation": 1.0,
      "max_correlation": 1.0,
      "diversification_ratio": 0.7623871403698369,
      "unique_positions": 35,
      "correlation_pairs": 3,
      "confidence": 0.475
    },
    "concentration_analysis": {
      "unique_tickers": 35,
      "max_ticker_exposure": 0.05263157894736842,
      "strategy_concentration": {
        "sma_percentage": 0.8157894736842105,
        "ema_percentage": 0.18421052631578946
      }
    }
  },
  "advanced_metrics": {
    "system_quality": {
      "overall": {
        "sqn": 3.269427169489209,
        "sqn_rating": "Excellent",
        "confidence": 0.95,
        "sample_adequacy": true,
        "trades_used": 38
      },
      "sma": {
        "sqn": 2.3405610768081626,
        "sqn_rating": "Good",
        "confidence": 0.95,
        "sample_adequacy": true,
        "trades_used": 31
      },
      "ema": {
        "sqn": 0.0,
        "sqn_rating": "Insufficient Data",
        "confidence": 0.3,
        "sample_adequacy": false
      }
    },
    "expectancy": {
      "overall": {
        "expectancy": 0.07537834008097165,
        "win_rate": 0.5789473684210527,
        "avg_win_return": 0.16584090909090907,
        "avg_loss_return": -0.049007692307692315,
        "confidence": 0.95
      },
      "sma": {
        "expectancy": 0.05685219941348973,
        "win_rate": 0.5483870967741935,
        "avg_win_return": 0.148,
        "avg_loss_return": -0.05382727272727273,
        "confidence": 0.95
      },
      "ema": {
        "expectancy": 0.15535714285714286,
        "win_rate": 0.7142857142857143,
        "avg_win_return": 0.2265,
        "avg_loss_return": -0.0225,
        "confidence": 0.475
      }
    }
  },
  "optimization_opportunities": [
    {
      "opportunity_type": "Strategy Rebalancing",
      "description": "Increase allocation to EMA strategy",
      "current_performance_gap": "9.3% average return difference",
      "quantified_impact": "Potential 9.3% improvement in average returns",
      "implementation_difficulty": "Medium",
      "confidence": 0.475,
      "priority": "Medium"
    },
    {
      "opportunity_type": "Risk Management Enhancement",
      "description": "Implement tighter stop-losses to reduce tail risk",
      "current_performance_gap": "Top quartile losses average 12.2% vs 4.9% overall",
      "quantified_impact": "Potential 21.9% reduction in total loss amount",
      "implementation_difficulty": "Low",
      "confidence": 0.6649999999999999,
      "priority": "Medium"
    }
  ],
  "validation_summary": {
    "closed_trades_only": true,
    "strategy_separation": true,
    "csv_pnl_used": true,
    "confidence_penalties_applied": true,
    "small_sample_warning": true,
    "analysis_completeness": 1.0
  }
}